"trip_id","trip_start_timestamp","trip_end_timestamp","trip_seconds","trip_miles","pickup_census_tract","dropoff_census_tract","pickup_community_area","dropoff_community_area","fare","tip","additional_charges","trip_total","shared_trip_authorized","trips_pooled","pickup_centroid_latitude","pickup_centroid_longitude","dropoff_centroid_latitude","dropoff_centroid_longitude"
"0023918a32baa84c59a60ec6acd38ef8d8876a55","2022-01-01T00:00:00.000","2022-01-01T00:45:00.000","2123","27.8011",,,"8",,"37.5","0","7.91","45.41","false","1","41.899602111","-87.6333080367",,
"0031f13d0144700e8132ec4ced74bf91b604bafd","2022-01-01T00:00:00.000","2022-01-01T00:00:00.000","308","1.3617","17031071400","17031080400","7","8","5","0","3.75","8.75","false","1","41.922082541","-87.6341560931","41.9074128162","-87.6409015248"
"003b7701b5658afe3415169d091130f15c2d8434","2022-01-01T00:00:00.000","2022-01-01T00:15:00.000","830","3.59","17031080300","17031221400","8","22","10","0","1.02","11.02","false","1","41.9074919303","-87.6357600901","41.9208017043","-87.6945323419"
"003c710f7464bf348349ec4436fea275b97300bd","2022-01-01T00:00:00.000","2022-01-01T00:15:00.000","862","4.7492","17031222200","17031081800","22","8","10","0","3.74","13.74","false","1","41.9159097884","-87.6838259399","41.8932163595","-87.6378442095"
"0066f1154bb7dc467b2d8ce59e8def475a428557","2022-01-01T00:00:00.000","2022-01-01T00:00:00.000","471","0.7196","17031081600","17031081800","8","8","2.5","0","2.36","4.859999999999999","false","1","41.8920726347","-87.6288741572","41.8932163595","-87.6378442095"
"00ac5c7ec5b5540a83e5f60cd19f721ec46256f2","2022-01-01T00:00:00.000","2022-01-01T00:15:00.000","1057","1.0492","17031320100","17031839100","32","32","10","0","2.87","12.870000000000001","false","1","41.8849871918","-87.6209929134","41.8809944707","-87.6327464887"
"00b6c6407848e8f78a989a1b210309450c65fe8f","2022-01-01T00:00:00.000","2022-01-01T00:30:00.000","1332","6.69","17031830900","17031010201","22","1","15","0","3.34","18.34","false","1","41.9286190509","-87.685362024","42.0160105638","-87.680162272"
"01257dfa064e41843dd90d93c437d9fea037ef40","2022-01-01T00:00:00.000","2022-01-01T00:00:00.000","212","0.7139","17031833000","17031833000","28","28","5","0","3.22","8.22","false","1","41.8852813201","-87.6572331997","41.8852813201","-87.6572331997"
"01345804c5bd6c0101bcb26a14d776d569edf97d","2022-01-01T00:00:00.000","2022-01-01T00:15:00.000","962","5.2",,,"23","18","12.5","0","1.02","13.52","false","1","41.9000696026","-87.7209182385","41.9292973683","-87.7980321814"
"01683d623032683e9fcca03967dd2faeaf1141a7","2022-01-01T00:00:00.000","2022-01-01T00:30:00.000","1667","22.34",,,"8",,"32.5","0","1.02","33.52","false","1","41.899602111","-87.6333080367",,
"019e6ffd2756162afe4a35da65b3a90e6a955e23","2022-01-01T00:00:00.000","2022-01-01T00:15:00.000","472","2.3956",,,"25","25","5","0","2.44","7.4399999999999995","false","1","41.8906088526","-87.7560467111","41.8906088526","-87.7560467111"
"01b6b82321b09e07bfa3bcc72aaed2a7e5c96602","2022-01-01T00:00:00.000","2022-01-01T00:00:00.000","337","1.2816","17031071200","17031080300","7","8","5","0","2.36","7.359999999999999","false","1","41.9218549112","-87.6462109769","41.9074919303","-87.6357600901"
"01e46a6327c61dc09f8ca42369a74802a69551bf","2022-01-01T00:00:00.000","2022-01-01T00:15:00.000","215","1.21",,,"22","24","7.5","0","1.02","8.52","false","1","41.9227606205","-87.6991553432","41.9012069941","-87.6763559892"
"02051e517e227650e268bdd0ffe009def9a2ab75","2022-01-01T00:00:00.000","2022-01-01T00:15:00.000","724","9.2394","17031320400","17031691200","32","69","15","0","3.94","18.94","false","1","41.8774061234","-87.6219716519","41.7544341714","-87.632184554"
"0207218776f774621f3dc27af8263d0ad0b539af","2022-01-01T00:00:00.000","2022-01-01T00:15:00.000","889","4.3295",,,"6","28","12.5","0","3.09","15.59","false","1","41.9442266014","-87.6559981815","41.874005383","-87.6635175498"
"02a1d4ebe0c3a506e122af2691563fd9b0b1f442","2022-01-01T00:00:00.000","2022-01-01T00:30:00.000","1099","3.21","17031839100","17031081500","32","8","15","0","0","15","false","1","41.8809944707","-87.6327464887","41.8925077809","-87.6262149064"
"02a26645383576883f66a648e41d1d71ab71aee0","2022-01-01T00:00:00.000","2022-01-01T00:30:00.000","1302","11.112","17031081100","17031400400","8","40","20","0","4.27","24.27","false","1","41.9002212967","-87.6291051864","41.7911260852","-87.6183216222"
"02a6b5fd3b3d6e2e4627f77379e5d39a560cde33","2022-01-01T00:00:00.000","2022-01-01T00:15:00.000","568","2.29","17031330100","17031839000","33","32","15","0","1.02","16.02","false","1","41.859349715","-87.6173580061","41.8710158803","-87.6314065252"
"02bb1e2db87fd98e74b74d311941f47d9e41c1e7","2022-01-01T00:00:00.000","2022-01-01T00:15:00.000","562","2.1751","17031080300","17031280100","8","28","7.5","0","2.86","10.36","false","1","41.9074919303","-87.6357600901","41.8853000224","-87.6428084655"
"02d90f5c5293cb20e3ff31f1329408c924c73539","2022-01-01T00:00:00.000","2022-01-01T00:15:00.000","935","7.4735","17031320400","17031210100","32","21","12.5","0","3.51","16.009999999999998","false","1","41.8774061234","-87.6219716519","41.9428725376","-87.701330291"
"0306ba0a647a46599b611ff3e027e74d8bedeaa9","2022-01-01T00:00:00.000","2022-01-01T00:00:00.000","171","0.7206",,,"19","19","5","0","2.99","7.99","false","1","41.9272609555","-87.7655016086","41.9272609555","-87.7655016086"
"03180e7b1ebad2b2dfaeb38e5c295ea087174770","2022-01-01T00:00:00.000","2022-01-01T00:45:00.000","2619","12.44","17031081401","17031431400","8","43","22.5","0","1.02","23.52","false","1","41.8950334495","-87.6197106717","41.7559614313","-87.551994147"
"032939259b1bb2b8e2e6fc78a858b0ea1ca5efcb","2022-01-01T00:00:00.000","2022-01-01T00:15:00.000","661","1.1051",,,"28","32","5","0","2.36","7.359999999999999","false","1","41.874005383","-87.6635175498","41.8788655841","-87.6251921424"
"03382956e81eba1ab701b2522f9f8b403fa286ca","2022-01-01T00:00:00.000","2022-01-01T00:00:00.000","796","3.0386","17031831900","17031040201","6","4","7.5","0","2.58","10.08","false","1","41.9451704528","-87.6687944391","41.9725808001","-87.6940010612"
"03680a1798466f21d8729a90ab8be32fb968c8ba","2022-01-01T00:00:00.000","2022-01-01T00:00:00.000","226","0.5181","17031062200","17031062100","6","6","5","6","2.51","13.51","false","1","41.9425851797","-87.6566440918","41.9426918444","-87.6517705068"
"001e1cbcde41b2bb67ff1ce263aa80c7c8a162fd","2022-01-01T02:00:00.000","2022-01-01T02:15:00.000","856","3.26","17031832300","17031062100","22","6","35","0","1.02","36.02","false","1","41.9192250505","-87.671445766","41.9426918444","-87.6517705068"
"0023a884e6bd212188940d21454898113d06f2a8","2022-01-01T02:00:00.000","2022-01-01T02:15:00.000","970","6.0751","17031221200","17031081403","22","8","52.5","1","4","57.5","false","1","41.9210845826","-87.704648384","41.8909220259","-87.6188683546"
"00503a62c0251a9e996bd9404a0311e56b167e53","2022-01-01T02:00:00.000","2022-01-01T02:15:00.000","984","6.69","17031081402","17031061100","8","6","95","0","5","100","false","1","41.8919715078","-87.6129454143","41.9491397709","-87.6568039088"
"005a01047edfb0961b85d426d4343e9d65db199a","2022-01-01T02:00:00.000","2022-01-01T02:30:00.000","1131","12.9895",,,"11",,"87.5","14","6.59","108.09","false","1","41.9788295262","-87.771166703",,
"00642dceba4724bd6a6a12b7d8847d2cdc49a051","2022-01-01T02:00:00.000","2022-01-01T02:30:00.000","1336","12.79",,,"28",,"52.5","0","1.02","53.52","false","1","41.874005383","-87.6635175498",,
"007bbf5d69541a9528e10111f69296b78a6762f1","2022-01-01T02:00:00.000","2022-01-01T02:15:00.000","511","1.6963","17031081600","17031080300","8","8","32.5","0","2.36","34.86","false","1","41.8920726347","-87.6288741572","41.9074919303","-87.6357600901"
"008d125c49a2ae018fdf6e50a8fb3806c528afed","2022-01-01T02:00:00.000","2022-01-01T02:15:00.000","1105","5.6495",,,"42","50","20","0","3.83","23.83","false","1","41.7788768603","-87.5949254391","41.7061257523","-87.5982558383"
"00922b86ca2bc802891559359e7435589a9e8920","2022-01-01T02:00:00.000","2022-01-01T02:00:00.000","862","3.8335","17031040600","17031831000","4","22","42.5","0","2.74","45.24","false","1","41.9668340674","-87.6840183712","41.9160052737","-87.6750951155"
"009e5921c066b193a157ff143d4ca581a8bfc5c0","2022-01-01T02:00:00.000","2022-01-01T02:45:00.000","2551","27.2174","17031070101",,"7",,"127.5","0","8.2","135.7","false","1","41.9292629902","-87.6358909539",,
"00a9f2215f00a28a85d04c85e9255a9e097c498a","2022-01-01T02:00:00.000","2022-01-01T02:15:00.000","1184","4.2674","17031081403","17031070500","8","7","92.5","0","3.14","95.64","false","1","41.8909220259","-87.6188683546","41.9289459041","-87.6608925701"
"00b50e4a3c04c1e7e64b23bfdf9b6682831b2c13","2022-01-01T02:00:00.000","2022-01-01T02:15:00.000","869","4.51","17031832000","17031081201","6","8","42.5","0","1.02","43.52","false","1","41.9462945357","-87.6542980837","41.8991556134","-87.6262105324"
"00bec5987aefc771b71969cd53cbcddde245c97a","2022-01-01T02:00:00.000","2022-01-01T02:00:00.000","375","0.95","17031081401","17031320100","8","32","30","0","1.02","31.02","false","1","41.8950334495","-87.6197106717","41.8849871918","-87.6209929134"
"00c4d7bf6c8c148786c9e0c57c12085453ef7a78","2022-01-01T02:00:00.000","2022-01-01T02:30:00.000","2301","25.8816","17031320100",,"32",,"87.5","14","7.37","108.87","false","1","41.8849871918","-87.6209929134",,
"00da76980f502ddd8640663680116bf565b42d20","2022-01-01T02:00:00.000","2022-01-01T02:15:00.000","880","7.7088","17031081202","17031839900","8","60","47.5","0","6.92","54.42","false","1","41.9027880476","-87.6261455896","41.8270879119","-87.6486268165"
"00ef0264630034595f0a78d84c5776653d1460f2","2022-01-01T02:00:00.000","2022-01-01T02:15:00.000","877","5.5002","17031081800","17031062100","8","6","47.5","0","3.1","50.6","false","1","41.8932163595","-87.6378442095","41.9426918444","-87.6517705068"
"00f03d6bac6125bdbd6c69431ed1d9ebff553099","2022-01-01T02:00:00.000","2022-01-01T02:15:00.000","1238","9.8702","17031071100","17031390700","7","39","65","0","4.01","69.01","false","1","41.9217781876","-87.6510618838","41.8059116993","-87.5874792581"
"010d6ce1367e26b0aa619068d92c976dba41b103","2022-01-01T02:00:00.000","2022-01-01T02:30:00.000","1429","8.2715","17031320400","17031061000","32","6","67.5","7","4.38","78.88","false","1","41.8774061234","-87.6219716519","41.9492209135","-87.6519703953"
"01635d02c05f504e5b115eb8470c9f6c45d0f959","2022-01-01T02:00:00.000","2022-01-01T02:15:00.000","872","4.66","17031830700","17031210700","3","21","72.5","0","0","72.5","false","1","41.958055933","-87.6603894557","41.9357064711","-87.7038545435"
"0177ac28129daaf44dd4217e3a0e0f3d46b2df46","2022-01-01T02:00:00.000","2022-01-01T02:15:00.000","1427","5.5315","17031070300","17031283200","7","28","57.5","4","3.1","64.6","false","1","41.9290469366","-87.6513108767","41.8695838595","-87.6592046708"
"01b2a12687f67e92f42bab144cb15d5d79fd980c","2022-01-01T02:00:00.000","2022-01-01T02:00:00.000","291","1.3593","17031071400","17031070300","7","7","22.5","0","2.56","25.06","false","1","41.922082541","-87.6341560931","41.9290469366","-87.6513108767"
"01d4ad4c96b59aea9ad06d7a2c5c3bfa3f3a2a4b","2022-01-01T02:00:00.000","2022-01-01T02:00:00.000","151","0.5207","17031070300","17031070200","7","7","20","0","2.36","22.36","false","1","41.9290469366","-87.6513108767","41.9290776551","-87.6462934762"
"01e48e574840f4c13a8bc47f6a30b55002024376","2022-01-01T02:00:00.000","2022-01-01T02:15:00.000","324","1.4217",,,"77","1","17.5","5","2.36","24.86","false","1","41.9867117999","-87.6634164054","42.0096228806","-87.6701668569"
"01ed90b29422899258d9f55ff633ffa9cbc45577","2022-01-01T02:00:00.000","2022-01-01T02:15:00.000","336","0.7765","17031070400","17031071200","7","7","17.5","0","2.36","19.86","false","1","41.9289672664","-87.6561568309","41.9218549112","-87.6462109769"
"0207dfc652cca0475121ac7dc8bc070b7904a0d9","2022-01-01T02:00:00.000","2022-01-01T02:15:00.000","914","2.61","17031051200","17031060900","5","6","62.5","0","0","62.5","false","1","41.9414224785","-87.6759539319","41.949829346","-87.6439653703"
"022c47b7159d84e4766820715c3a845dc418341c","2022-01-01T02:00:00.000","2022-01-01T02:30:00.000","1159","8.1307",,,"28","13","62.5","0","3.65","66.15","false","1","41.874005383","-87.6635175498","41.9836363072","-87.7235831853"
"0013313e3b2938948a3b11177d8da51916dc2ee0","2022-01-01T04:00:00.000","2022-01-01T04:15:00.000","885","3.7789",,,"28","31","37.5","0","2.96","40.46","false","1","41.874005383","-87.6635175498","41.8502663663","-87.667569312"
"003bdc281cfbc37afdad07eba282f70cce2474b4","2022-01-01T04:00:00.000","2022-01-01T04:00:00.000","595","2.1519","17031081800","17031320600","8","32","30","0","2.45","32.45","false","1","41.8932163595","-87.6378442095","41.8706073724","-87.6221729369"
"00bd868807b1179288b7f4a049deea768a7ea8fa","2022-01-01T04:00:00.000","2022-01-01T04:45:00.000","2412","35.2411",,,"7",,"62.5","0","11.29","73.78999999999999","false","1","41.9226862843","-87.6494887289",,
"00bfe36f94c5e83b6e994c1db10a3dd9f300f85b","2022-01-01T04:00:00.000","2022-01-01T04:15:00.000","937","5.1927","17031330100","17031241500","33","24","25","0","3.97","28.97","false","1","41.859349715","-87.6173580061","41.9083786693","-87.6709450752"
"00d707ddbc19eb64af9b606228b1f297738ef212","2022-01-01T04:00:00.000","2022-01-01T04:00:00.000","352","1.1506",,,"2","2","5","0","2.36","7.359999999999999","false","1","42.001571027","-87.6950125892","42.001571027","-87.6950125892"
"0139ce649d719cafa08b7f47f5709a07746f0b34","2022-01-01T04:00:00.000","2022-01-01T04:00:00.000","555","2.1362","17031062100","17031070600","6","7","15","0","2.39","17.39","false","1","41.9426918444","-87.6517705068","41.9287630064","-87.665676837"
"018c99c7475b5494103c5ef1783a0e1b16649a97","2022-01-01T04:00:00.000","2022-01-01T04:15:00.000","916","5.83",,,"28","60","37.5","10","1.02","48.52","false","1","41.874005383","-87.6635175498","41.8361501547","-87.6487879519"
"0193e92448b517e6fbd84c5f7edfc03aefd6b4ba","2022-01-01T04:00:00.000","2022-01-01T04:15:00.000","387","1.4502","17031061100","17031031502","6","3","12.5","0","2.36","14.86","false","1","41.9491397709","-87.6568039088","41.9636331692","-87.6523653588"
"01e0dbb073ff6a2b42f6d1a619defb81307b3afe","2022-01-01T04:00:00.000","2022-01-01T04:30:00.000","2183","25.4545","17031040202",,"4",,"35","0","9.74","44.74","false","1","41.9798553089","-87.6940960217",,
"020173df2bd92caff31ab1faec561d15172c3a2e","2022-01-01T04:00:00.000","2022-01-01T04:00:00.000","444","2.5347",,,"4","21","7.5","0","2.9","10.4","false","1","41.9751709433","-87.6875155152","41.9386661962","-87.7112105933"
"02138507fe35b0b613edf8fc8a3ca341251954d6","2022-01-01T04:00:00.000","2022-01-01T04:00:00.000","686","2.0592","17031842200","17031833000","8","28","27.5","0","2.37","29.87","false","1","41.9049353016","-87.6499072264","41.8852813201","-87.6572331997"
"027161d703f25ea70442956c220383c5647fbbd8","2022-01-01T04:00:00.000","2022-01-01T04:15:00.000","532","2.734",,,"7","6","17.5","0","2.51","20.009999999999998","false","1","41.9226862843","-87.6494887289","41.9442266014","-87.6559981815"
"029be8dd502726283ed98b174469bfb6799387bc","2022-01-01T04:00:00.000","2022-01-01T04:00:00.000","232","1.3351","17031241400","17031243200","24","24","15","0","2.36","17.36","false","1","41.906025969","-87.6753116216","41.8924331563","-87.6696239301"
"02ba6e4b08f5ea93fc53fa5f110b085c0338ebfc","2022-01-01T04:00:00.000","2022-01-01T04:00:00.000","333","1.8487",,,"24","22","12.5","0","2.36","14.86","false","1","41.9012069941","-87.6763559892","41.9227606205","-87.6991553432"
"02c3dbf1ae2809346d5118ede4a00ef725bacbc8","2022-01-01T04:00:00.000","2022-01-01T04:15:00.000","611","3.474",,,"62",,"12.5","0","2.67","15.17","false","1","41.7929819032","-87.7242081939",,
"031eb93ae2498122ce294aa059b7c9c3c71e92ab","2022-01-01T04:00:00.000","2022-01-01T04:00:00.000","302","1.1473","17031030200","17031030604","77","77","5","1","2.36","8.36","false","1","41.9944422482","-87.6652247765","41.9854724225","-87.6537935286"
"03368f47c7ad7c8868a8a0cc7ccf901d52cf0f42","2022-01-01T04:00:00.000","2022-01-01T04:15:00.000","974","9.362",,,"17","76","30","13","34.2","77.2","false","1","41.9465114202","-87.8060200025","41.9802643146","-87.913624596"
"0389e928364f21bd70b6b4122cdc93efe8a874ad","2022-01-01T04:00:00.000","2022-01-01T04:30:00.000","1324","10.8949",,,"56",,"20","0","4.23","24.23","false","1","41.7925923603","-87.7696154528",,
"03c452529ebe902a1ca696353e04576d505b2a95","2022-01-01T04:00:00.000","2022-01-01T04:00:00.000","481","1.8334","17031062100","17031071100","6","7","12.5","0","2.36","14.86","false","1","41.9426918444","-87.6517705068","41.9217781876","-87.6510618838"
"03fa1e04827e589e803208cca90a3c29001f84c4","2022-01-01T04:00:00.000","2022-01-01T04:15:00.000","699","5.16",,,"8","22","35","0","1.02","36.02","false","1","41.899602111","-87.6333080367","41.9227606205","-87.6991553432"
"0427ed2b7b760a600e03731c85290bac314155e3","2022-01-01T04:00:00.000","2022-01-01T04:30:00.000","1104","5.592",,,"40","65","12.5","0","4.09","16.59","false","1","41.7923572233","-87.6179313803","41.7697780588","-87.7269298425"
"04501656a3be795d1c5996dce6417e3a1495544c","2022-01-01T04:00:00.000","2022-01-01T04:15:00.000","943","5.9422",,,"15","23","12.5","0","3.19","15.69","false","1","41.9540276487","-87.7633990316","41.9000696026","-87.7209182385"
"0495ddd5447706c169d98699b238f4e1079cd5ef","2022-01-01T04:00:00.000","2022-01-01T04:00:00.000","637","2.7897",,,"2","2","7.5","0","2.53","10.03","false","1","42.001571027","-87.6950125892","42.001571027","-87.6950125892"
"04a07c0d41fa5813b2db6569c9efb572e7b727e4","2022-01-01T04:00:00.000","2022-01-01T04:15:00.000","872","3.5351","17031241500","17031063200","24","6","25","0","2.68","27.68","false","1","41.9083786693","-87.6709450752","41.9383912577","-87.6385749205"
"04a68d90d5e490607c0b77a1c2bfa6a6002b55e4","2022-01-01T04:00:00.000","2022-01-01T04:00:00.000","539","2.1265","17031061100","17031071100","6","7","20","0","2.39","22.39","false","1","41.9491397709","-87.6568039088","41.9217781876","-87.6510618838"
"0082ea5f2d3513aa38eacd28d61304bf224e7eec","2022-01-01T06:00:00.000","2022-01-01T06:30:00.000","1783","22.3665",,,"59","76","62.5","11","11.72","85.22","false","1","41.8299223039","-87.6725026464","41.9802643146","-87.913624596"
"00a7dfe4db74b6fdc7bfda0bcfa8f9669c6ce81d","2022-01-01T06:00:00.000","2022-01-01T06:15:00.000","837","4.7189",,,"32","6","27.5","0","2.93","30.43","false","1","41.8788655841","-87.6251921424","41.9442266014","-87.6559981815"
"00f617fdb519e0ac6ceb924f7df9cc5194d72674","2022-01-01T06:00:00.000","2022-01-01T06:30:00.000","1028","4.99",,,"32","7","55","0","0","55","false","1","41.8788655841","-87.6251921424","41.9226862843","-87.6494887289"
"012ebd30d8823130a89043927c3b3a31c49c8ced","2022-01-01T06:00:00.000","2022-01-01T06:30:00.000","1273","14.3197",,,,"8","17.5","0","4.95","22.45","false","1",,,"41.899602111","-87.6333080367"
"02d8799fb4525fe0cd42bb208ea56d3d5ad1f0b7","2022-01-01T06:00:00.000","2022-01-01T06:00:00.000","312","1.5908",,,"61","63","15","0","4.22","19.22","false","1","41.8090182499","-87.6591665992","41.795430631","-87.6964352325"
"02e2f22d052a51c90526b83569947e6deef4f42a","2022-01-01T06:00:00.000","2022-01-01T06:15:00.000","904","6.8806",,,"6","28","27.5","7","3.38","37.88","false","1","41.9442266014","-87.6559981815","41.874005383","-87.6635175498"
"02e71b7565e7cb1f26927d19f4a6b1ec5e0c5fb6","2022-01-01T06:00:00.000","2022-01-01T06:30:00.000","1174","17.513","17031081403","17031980000","8","76","107.5","0","11.05","118.55","false","1","41.8909220259","-87.6188683546","41.9790708201","-87.9030396611"
"03290dbb88641b7f8ecaa159bb69959121eced97","2022-01-01T06:00:00.000","2022-01-01T06:15:00.000","166","0.84",,,"23","22","35","0","1.02","36.02","false","1","41.9000696026","-87.7209182385","41.9227606205","-87.6991553432"
"03ebf2689d2702eca18ac6b211e2eb0cf8fab710","2022-01-01T06:00:00.000","2022-01-01T06:30:00.000","1300","8.08",,,"65","73","45","0","0","45","false","1","41.7697780588","-87.7269298425","41.7174930361","-87.6488950721"
"046469a8603fa6b3aa159bd7599a4f58d255e2da","2022-01-01T06:00:00.000","2022-01-01T06:30:00.000","1108","17.7812","17031839100","17031980000","32","76","47.5","12","10.67","70.17","false","1","41.8809944707","-87.6327464887","41.9790708201","-87.9030396611"
"04ad2a58690a6238176f62069dd922281dd9e67c","2022-01-01T06:00:00.000","2022-01-01T06:15:00.000","816","3.6373",,,"18","15","10","0","4.32","14.32","false","1","41.9292973683","-87.7980321814","41.9540276487","-87.7633990316"
"05121befc76ed9a6eb3d961c76e1eafbd8f506b0","2022-01-01T06:00:00.000","2022-01-01T06:15:00.000","896","7.22",,,"22","31","40","0","1.02","41.02","false","1","41.9227606205","-87.6991553432","41.8502663663","-87.667569312"
"0538a2de4640e411a48611425a2dd350d46a8621","2022-01-01T06:00:00.000","2022-01-01T06:15:00.000","678","3.9002",,,"22","24","17.5","0","3.72","21.22","false","1","41.9227606205","-87.6991553432","41.9012069941","-87.6763559892"
"053de8cbd51c0dd8ba488fd29b3a00ce4d35040a","2022-01-01T06:00:00.000","2022-01-01T06:15:00.000","567","2.74",,,"23","21","32.5","0","1.02","33.52","false","1","41.9000696026","-87.7209182385","41.9386661962","-87.7112105933"
"05798254f3c30b28ec917154356195d718b2f20a","2022-01-01T06:00:00.000","2022-01-01T06:15:00.000","1243","11.72",,,,"76","35","0","6.02","41.019999999999996","false","1",,,"41.9802643146","-87.913624596"
"058c3f262514b65628f0dace5f9dc6c73144a62a","2022-01-01T06:00:00.000","2022-01-01T06:30:00.000","1548","20.1168","17031980000",,"76",,"37.5","0","12.67","50.17","false","1","41.9790708201","-87.9030396611",,
"058e972c32459f3089d815af1277cdfffa58dcf1","2022-01-01T06:00:00.000","2022-01-01T06:15:00.000","637","3.8751",,,"21","23","17.5","0","4.54","22.04","false","1","41.9386661962","-87.7112105933","41.9000696026","-87.7209182385"
"059f0a3f1c554d1d27494bb722e1632e07c35be6","2022-01-01T06:00:00.000","2022-01-01T06:00:00.000","484","3.5561",,,"74","72","7.5","4","3.46","14.96","false","1","41.6948789661","-87.7131924966","41.713148612","-87.6750753124"
"05a5abeb73f772bec8e5107af09596ff4f799920","2022-01-01T06:00:00.000","2022-01-01T06:15:00.000","714","7.2774",,,"59","8","15","0","5.07","20.07","false","1","41.8299223039","-87.6725026464","41.899602111","-87.6333080367"
"05b002bdcb663c2fafe3f03cfc160c5d9305075f","2022-01-01T06:00:00.000","2022-01-01T06:00:00.000","297","0.83",,,"24","24","17.5","0","1.02","18.52","false","1","41.9012069941","-87.6763559892","41.9012069941","-87.6763559892"
"05d3de05a86e0eed066a851f847215c3a3bb23b7","2022-01-01T06:00:00.000","2022-01-01T06:15:00.000","1020","5.0247",,,"23","18","22.5","0","2.99","25.490000000000002","false","1","41.9000696026","-87.7209182385","41.9292973683","-87.7980321814"
"05d63d2b92c1a070d8c7442a575d754fd2508ae8","2022-01-01T06:00:00.000","2022-01-01T06:30:00.000","1483","17.6595",,,"42",,"27.5","0","7.28","34.78","false","1","41.7788768603","-87.5949254391",,
"0627dfe549f5952874898f8281765e4e12c0587f","2022-01-01T06:00:00.000","2022-01-01T06:15:00.000","1111","12.1869","17031320100","17031980100","32","56","35","0","9.5","44.5","false","1","41.8849871918","-87.6209929134","41.785998518","-87.7509342894"
"06e49fd003a7fe1f5b078eec4608ad197890f142","2022-01-01T06:00:00.000","2022-01-01T06:30:00.000","1501","18.11","17031081500","17031980000","8","76","82.5","0","6.02","88.52","false","1","41.8925077809","-87.6262149064","41.9790708201","-87.9030396611"
"07314b9b1d8b1803aca8dcd87280e04e99270691","2022-01-01T06:00:00.000","2022-01-01T06:15:00.000","601","2.9232",,,"8","7","12.5","0","4.89","17.39","false","1","41.899602111","-87.6333080367","41.9226862843","-87.6494887289"
"0029109278840f24fc0c78e28c71c036a571c563","2022-01-01T08:00:00.000","2022-01-01T08:00:00.000","580","3.74",,,"49","71","17.5","0","1.02","18.52","false","1","41.7065878819","-87.6233665115","41.7442051463","-87.6563059862"
"00349f7479b00dc0b5ffb1e4016289dc400e7758","2022-01-01T08:00:00.000","2022-01-01T08:30:00.000","1301","8.71",,,,"19","22.5","0","1.02","23.52","false","1",,,"41.9272609555","-87.7655016086"
"00a2635ee5a442daf8e798a13fef6aaf95675122","2022-01-01T08:00:00.000","2022-01-01T08:00:00.000","478","1.65","17031839000","17031320400","32","32","15","0","1.02","16.02","false","1","41.8710158803","-87.6314065252","41.8774061234","-87.6219716519"
"00a8e02594b39b4e52be397a2fbc8b91050dac21","2022-01-01T08:00:00.000","2022-01-01T08:30:00.000","2636","36.192",,,"7",,"42.5","0","9.54","52.04","false","1","41.9226862843","-87.6494887289",,
"00c020b39716dcb3f58dfe93fc4bb25026507838","2022-01-01T08:00:00.000","2022-01-01T08:15:00.000","1463","18.8595","17031320600","17031980000","32","76","25","0","10.9","35.9","false","1","41.8706073724","-87.6221729369","41.9790708201","-87.9030396611"
"00cf551319730c52aaaa61c044c49d072ed3072d","2022-01-01T08:00:00.000","2022-01-01T08:15:00.000","795","5.213","17031242400","17031281900","24","28","25","0","14.71","39.71","false","1","41.8994222543","-87.684490122","41.8792550844","-87.642648998"
"00d7ac703126918de3aa87f8ac2ca6010f83fea2","2022-01-01T08:00:00.000","2022-01-01T08:15:00.000","818","7.9655","17031030103","17031081600","77","8","17.5","0","3.61","21.11","false","1","41.9955129914","-87.6558149022","41.8920726347","-87.6288741572"
"01af1c2b50f66c13c742bba4f1303451f5090865","2022-01-01T08:00:00.000","2022-01-01T08:00:00.000","387","1.6627",,,"28","31","7.5","1","2.36","10.86","false","1","41.874005383","-87.6635175498","41.8502663663","-87.667569312"
"01ba850df1507754096b6abc0d8fd4ea59101817","2022-01-01T08:00:00.000","2022-01-01T08:00:00.000","481","3.2292",,,"7","8","10","0","2.87","12.870000000000001","false","1","41.9226862843","-87.6494887289","41.899602111","-87.6333080367"
"01db5dd3f645927d6ebcbb8c1ee8c70ff6f144dd","2022-01-01T08:00:00.000","2022-01-01T08:30:00.000","1649","10.3446",,,"68",,"17.5","0","4.64","22.14","false","1","41.7771962546","-87.6424975271",,
"01df8195ecdc3577e2fe79f161364b8d28a70356","2022-01-01T08:00:00.000","2022-01-01T08:00:00.000","358","1.6473",,,"2","4","7.5","0","2.36","9.86","false","1","42.001571027","-87.6950125892","41.9751709433","-87.6875155152"
"01ffed9229a982812b58219aed021654ce5a081c","2022-01-01T08:00:00.000","2022-01-01T08:00:00.000","537","3.01","17031063303","17031081202","6","8","5","0","1.02","6.02","false","1","41.9346504482","-87.6346478774","41.9027880476","-87.6261455896"
"023990ccbcbac3d8004f2dc7f14471273ddec56a","2022-01-01T08:00:00.000","2022-01-01T08:00:00.000","521","2.3798",,,"61","59","12.5","0","3.43","15.93","false","1","41.8090182499","-87.6591665992","41.8299223039","-87.6725026464"
"024fb7d5d8db3579bb0f9eb189ea5cad21ce2671","2022-01-01T08:00:00.000","2022-01-01T08:15:00.000","585","2.8245",,,"2","3","7.5","0","2.53","10.03","false","1","42.001571027","-87.6950125892","41.96581197","-87.6558787862"
"025aaa78470c647f57d9bcb5afc6544061ab5756","2022-01-01T08:00:00.000","2022-01-01T08:15:00.000","525","1.87","17031081500","17031839100","8","32","10","1","1.02","12.02","false","1","41.8925077809","-87.6262149064","41.8809944707","-87.6327464887"
"03307553318faa698bde9b08f9b393159381a9c9","2022-01-01T08:00:00.000","2022-01-01T08:00:00.000","497","2.0842",,,"77","2","15","0","2.38","17.38","false","1","41.9867117999","-87.6634164054","42.001571027","-87.6950125892"
"036de746778aa36f1ac476b88690d917a06b580b","2022-01-01T08:00:00.000","2022-01-01T08:30:00.000","1335","9.2591",,,"7",,"20","0","4.33","24.33","false","1","41.9226862843","-87.6494887289",,
"0396bf6bdc70ff9c02d0604b227bf0acb9c7bd32","2022-01-01T08:00:00.000","2022-01-01T08:15:00.000","648","5.9719",,,,"26","12.5","0","3.19","15.69","false","1",,,"41.8785943576","-87.7302324284"
"03fa76b226ccb8b378839415d138b700c7e2ff98","2022-01-01T08:00:00.000","2022-01-01T08:00:00.000","409","1.08",,,"8","8","10","0","1.02","11.02","false","1","41.899602111","-87.6333080367","41.899602111","-87.6333080367"
"048d5a07676453f3577a08ebd423d4df83760d4b","2022-01-01T08:00:00.000","2022-01-01T08:30:00.000","1562","12.8161","17031330100","17031010201","33","1","17.5","0","5.59","23.09","false","1","41.859349715","-87.6173580061","42.0160105638","-87.680162272"
"058c35c84f145d3cf5f23229b4a249572c8298de","2022-01-01T08:00:00.000","2022-01-01T08:15:00.000","897","7.9302",,,"32","77","15","7","3.61","25.61","false","1","41.8788655841","-87.6251921424","41.9867117999","-87.6634164054"
"065944c82d2a859363a9e56b41b0521c63362558","2022-01-01T08:00:00.000","2022-01-01T08:15:00.000","1112","12.623",,,,,"20","0","4.86","24.86","false","1",,,,
"06708239423ab6b13707e59f9c0b907edcfec651","2022-01-01T08:00:00.000","2022-01-01T08:30:00.000","1433","17.1787",,,,"76","25","0","22.69","47.69","false","1",,,"41.9802643146","-87.913624596"
"0672cad6786190b5d2cf450d92408037c587bf3c","2022-01-01T08:00:00.000","2022-01-01T08:15:00.000","1043","6.8628",,,"46","41","15","0","3.38","18.38","false","1","41.7412427285","-87.551428197","41.794090253","-87.592310855"
"06850c79ff29e390b3d3bab122e926d869b54cf6","2022-01-01T08:00:00.000","2022-01-01T08:15:00.000","1027","4.726","17031310600","17031081500","31","8","12.5","0","2.97","15.47","false","1","41.8563332167","-87.6595642391","41.8925077809","-87.6262149064"
"00041c667e201f28598eae5957e9d8f4701ec32b","2022-01-01T10:00:00.000","2022-01-01T10:00:00.000","621","2.9269",,,"28","24","15","0","2.56","17.56","false","1","41.874005383","-87.6635175498","41.9012069941","-87.6763559892"
"001cb6ca0919a271c015ea30638616e743eef8a7","2022-01-01T10:00:00.000","2022-01-01T10:30:00.000","1637","9.1271",,,"66",,"20","10","4.41","34.41","false","1","41.7718485152","-87.695666342",,
"00eb8e4aabc3e9ad4ca0a163e0d5bc61ff5bc26c","2022-01-01T10:00:00.000","2022-01-01T10:15:00.000","953","5.5269",,,"52","49","10","0","3.78","13.78","false","1","41.707311449","-87.5349029012","41.7065878819","-87.6233665115"
"0174f39260610bbcd82d9dd03d6a6611065bb633","2022-01-01T10:00:00.000","2022-01-01T10:15:00.000","984","13.64",,,,"53","17.5","0","1.02","18.52","false","1",,,"41.6738199043","-87.6357397768"
"01b509495f09563205d6ac3a83bed762a9664203","2022-01-01T10:00:00.000","2022-01-01T10:15:00.000","868","8.5957",,,"8","38","20","11","3.75","34.75","false","1","41.899602111","-87.6333080367","41.8129489392","-87.6178596758"
"020a5c37b7d2cc6b6f6ec71ffd56ec5a59ed2ef8","2022-01-01T10:00:00.000","2022-01-01T10:15:00.000","388","4.0089","17031061902","17031081403","6","8","10","0","2.78","12.78","false","1","41.9431550855","-87.640698076","41.8909220259","-87.6188683546"
"022261a1d795cdec6cd77d739724122c57646907","2022-01-01T10:00:00.000","2022-01-01T10:15:00.000","943","4.8022","17031281900","17031071200","28","7","17.5","0","2.95","20.45","false","1","41.8792550844","-87.642648998","41.9218549112","-87.6462109769"
"022b6111c23f8bbb901c533417f5a6c66448df5a","2022-01-01T10:00:00.000","2022-01-01T10:00:00.000","486","1.8822","17031071500","17031081700","7","8","10","0","3.2","13.2","false","1","41.9146162864","-87.6317173661","41.8920421365","-87.6318639497"
"025d3a3b930751475238b3cd2bddf8ad937eefcd","2022-01-01T10:00:00.000","2022-01-01T10:15:00.000","969","9.0967",,,"15","8","20","0","5.42","25.42","false","1","41.9540276487","-87.7633990316","41.899602111","-87.6333080367"
"0262c7824cea51265dbbec291f8a7c8ecbac2796","2022-01-01T10:00:00.000","2022-01-01T10:00:00.000","760","3.97",,,"1","3","10","0","1.02","11.02","false","1","42.0096228806","-87.6701668569","41.96581197","-87.6558787862"
"027183ad2ee73dad1985ef2d21ec0ea05c215e57","2022-01-01T10:00:00.000","2022-01-01T10:15:00.000","604","2.3612","17031280100","17031081300","28","8","15","5","2.44","22.44","false","1","41.8853000224","-87.6428084655","41.8983317935","-87.6207628651"
"02c42f70bac7063e55c982268ab62da946dd27b2","2022-01-01T10:00:00.000","2022-01-01T10:00:00.000","805","2.3427","17031081300","17031281900","8","28","12.5","0","2.43","14.93","false","1","41.8983317935","-87.6207628651","41.8792550844","-87.642648998"
"0318bfab0780d71ea2c367e33d062bcf6e2ef052","2022-01-01T10:00:00.000","2022-01-01T10:15:00.000","844","4.3026",,,"28",,"10","0","2.84","12.84","false","1","41.874005383","-87.6635175498",,
"03d20aa4b1a8151d225f34e3165b7e25fb02d61d","2022-01-01T10:00:00.000","2022-01-01T10:15:00.000","789","3.2104","17031062900","17031080300","6","8","10","0","2.61","12.61","false","1","41.9362371791","-87.6564115308","41.9074919303","-87.6357600901"
"03ec36a00974f9b39d915d75d56abed942332c15","2022-01-01T10:00:00.000","2022-01-01T10:30:00.000","1404","17.154","17031081700","17031980000","8","76","75","0","11.04","86.03999999999999","false","1","41.8920421365","-87.6318639497","41.9790708201","-87.9030396611"
"040109553e0606b7bbd73126b5ef3f5f079766b4","2022-01-01T10:00:00.000","2022-01-01T10:15:00.000","718","2.9416","17031842200","17031281900","8","28","12.5","0","2.73","15.23","false","1","41.9049353016","-87.6499072264","41.8792550844","-87.642648998"
"040959b6a0bd524a11efe09817a83606d22f8bbd","2022-01-01T10:00:00.000","2022-01-01T10:30:00.000","1946","16.9024","17031070200","17031980000","7","76","30","0","10.49","40.49","false","1","41.9290776551","-87.6462934762","41.9790708201","-87.9030396611"
"040a6202fd529307b0ec8e90f549665ecdebd17e","2022-01-01T10:00:00.000","2022-01-01T10:30:00.000","1069","7.5906",,,"58",,"15","0","3.53","18.53","false","1","41.8173662079","-87.6988607973",,
"04103dda4607a1a23b792a7e569959ea4e105e2c","2022-01-01T10:00:00.000","2022-01-01T10:15:00.000","452","1.92","17031071400","17031081000","7","8","12.5","0","1.02","13.52","false","1","41.922082541","-87.6341560931","41.9002656868","-87.6321092196"
"044b1a883492b13a5f03c319580dae8506a3ec35","2022-01-01T10:00:00.000","2022-01-01T10:00:00.000","656","2.3736","17031081403","17031280100","8","28","15","0","2.44","17.44","false","1","41.8909220259","-87.6188683546","41.8853000224","-87.6428084655"
"0468c857fba58091b2697022cf02d4dc58d6b925","2022-01-01T10:00:00.000","2022-01-01T10:15:00.000","652","3.2826",,,"67","73","10","0","2.64","12.64","false","1","41.7759288274","-87.6665962653","41.7174930361","-87.6488950721"
"04ecd51489ab0580c2a4125dd77589e9a6b6cead","2022-01-01T10:00:00.000","2022-01-01T10:30:00.000","1792","8.9707",,,"56","42","20","0","8.82","28.82","false","1","41.7925923603","-87.7696154528","41.7788768603","-87.5949254391"
"04f624e4f1b89c969c67d23e8db4a0f0a58969ce","2022-01-01T10:00:00.000","2022-01-01T10:00:00.000","306","1.4958",,,"3","3","7.5","0","2.36","9.86","false","1","41.96581197","-87.6558787862","41.96581197","-87.6558787862"
"054b3cd69f9bf524ed1af1423b510f6eda12f31a","2022-01-01T10:00:00.000","2022-01-01T10:30:00.000","1024","12.25","17031980100","17031243400","56","24","27.5","0","6.02","33.519999999999996","false","1","41.785998518","-87.7509342894","41.8925368719","-87.6598643178"
"0566a7bcb4f0627608bb0fd7cd20b858e3b612bd","2022-01-01T10:00:00.000","2022-01-01T10:15:00.000","693","4.2439",,,"22","8","17.5","0","2.83","20.33","false","1","41.9227606205","-87.6991553432","41.899602111","-87.6333080367"
"00141a14714351b327eb4f70872ec8715f1cd1f9","2022-01-01T12:00:00.000","2022-01-01T12:00:00.000","695","3.7664",,,"1",,"10","5","3.18","18.18","false","1","42.0096228806","-87.6701668569",,
"00332b356e8d6d1dbf41c9d6cfa7dcf091ad1001","2022-01-01T12:00:00.000","2022-01-01T12:15:00.000","1297","5.7558","17031040201","17031241400","4","24","15","3","3.15","21.15","false","1","41.9725808001","-87.6940010612","41.906025969","-87.6753116216"
"00b516b6a1ea4e4a28db7c29e2e363dea58b42f0","2022-01-01T12:00:00.000","2022-01-01T12:00:00.000","822","3.6371",,,"51",,"10","0","4.62","14.620000000000001","false","1","41.6906333472","-87.5700582686",,
"01030bf19d9a9759ab08f9eb3f9fb1cd55db78be","2022-01-01T12:00:00.000","2022-01-01T12:15:00.000","375","0.9937",,,"7","7","12.5","7","2.87","22.37","false","1","41.9226862843","-87.6494887289","41.9226862843","-87.6494887289"
"013d597e586723a28387ab69c59649fb38a976f3","2022-01-01T12:00:00.000","2022-01-01T12:30:00.000","1510","14.2565",,,"32","44","52.5","0","12.57","65.07","false","1","41.8788655841","-87.6251921424","41.7402057565","-87.6159695226"
"01579800bdf1e05f869aa07df3aaa89e7d4b4edf","2022-01-01T12:00:00.000","2022-01-01T12:15:00.000","263","1.0916","17031320100","17031081700","32","8","15","0","2.36","17.36","false","1","41.8849871918","-87.6209929134","41.8920421365","-87.6318639497"
"016a5c6306ba737c5b35b4e1d43e9c84b592275b","2022-01-01T12:00:00.000","2022-01-01T12:15:00.000","494","1.2965",,,"71","71","7.5","0","2.65","10.15","false","1","41.7442051463","-87.6563059862","41.7442051463","-87.6563059862"
"01724b2af5b258629879f18334ca4988cc6c1dc7","2022-01-01T12:00:00.000","2022-01-01T12:15:00.000","662","2.7694","17031080300","17031070600","8","7","22.5","4","2.52","29.02","false","1","41.9074919303","-87.6357600901","41.9287630064","-87.665676837"
"0195531ee2b54cae2fd19269428e4dc800dedfd2","2022-01-01T12:00:00.000","2022-01-01T12:15:00.000","705","1.7427","17031081300","17031081402","8","8","30","0","7.87","37.87","false","1","41.8983317935","-87.6207628651","41.8919715078","-87.6129454143"
"01c1574e1124bf6dd626e51c95b44677c2b3542c","2022-01-01T12:00:00.000","2022-01-01T12:15:00.000","1267","10.0448",,,"25","60","15","0","5.31","20.31","false","1","41.8906088526","-87.7560467111","41.8361501547","-87.6487879519"
"01e91b43d0f634834163dde6ff97e9dbd278a5fc","2022-01-01T12:00:00.000","2022-01-01T12:15:00.000","1477","14","17031980000","17031061500","76","6","25","0","9.88","34.88","false","1","41.9790708201","-87.9030396611","41.9452823311","-87.6615450961"
"01fc9d670a5ed9f200ebfd58608fa1a40c7b95d6","2022-01-01T12:00:00.000","2022-01-01T12:15:00.000","694","5.75",,,"28","60","25","4","1.02","30.02","false","1","41.874005383","-87.6635175498","41.8361501547","-87.6487879519"
"020d88eaa51566d24865e6a0f7f61be23427c7a0","2022-01-01T12:00:00.000","2022-01-01T12:00:00.000","801","2.54","17031841900","17031320100","28","32","37.5","7","0","44.5","false","1","41.8679024175","-87.6429586652","41.8849871918","-87.6209929134"
"020e26ac357f7044bedbb6454d7b10d8b272438a","2022-01-01T12:00:00.000","2022-01-01T12:15:00.000","337","1.0898","17031062200","17031832100","6","6","10","0","2.87","12.870000000000001","false","1","41.9425851797","-87.6566440918","41.9528229157","-87.6532439924"
"0212bd8c83f7b54360b933721f8607bef62bcca5","2022-01-01T12:00:00.000","2022-01-01T12:15:00.000","542","1.4945","17031320100","17031839000","32","32","27.5","4","2.36","33.86","false","1","41.8849871918","-87.6209929134","41.8710158803","-87.6314065252"
"02391780804e76ad87cc47b2908550ac7886ffa3","2022-01-01T12:00:00.000","2022-01-01T12:15:00.000","900","3.4745",,,"22","14","10","0","3.71","13.71","false","1","41.9227606205","-87.6991553432","41.968069","-87.7215590627"
"0263ed0edf9dc84700e523f07fc3dc2cb69213dd","2022-01-01T12:00:00.000","2022-01-01T12:15:00.000","881","3.2051","17031063000","17031842300","6","24","10","1","2.61","13.61","false","1","41.9363101308","-87.6515625922","41.8983058696","-87.6536139825"
"028bad4f796e38455319de500e6acc4fb31740d2","2022-01-01T12:00:00.000","2022-01-01T12:00:00.000","512","1.7198","17031839100","17031320100","32","32","20","0","2.36","22.36","false","1","41.8809944707","-87.6327464887","41.8849871918","-87.6209929134"
"02972d1f1bf8d3f1681c0e82c5e29da389e3c68b","2022-01-01T12:00:00.000","2022-01-01T12:00:00.000","449","1.58","17031243000","17031241500","24","24","12.5","2","1.02","15.52","false","1","41.8922767078","-87.6793974791","41.9083786693","-87.6709450752"
"029ac6e3b10cfd89d7a6d154c38b0efee4aae2f6","2022-01-01T12:00:00.000","2022-01-01T12:45:00.000","2066","21.2935",,,,"30","27.5","0","6.71","34.21","false","1",,,"41.8390869059","-87.714003807"
"02a3b588bf6e4315a362e2c03ea5e95215d69d4a","2022-01-01T12:00:00.000","2022-01-01T12:15:00.000","1158","5.1326","17031062100","17031081100","6","8","20","0","3.02","23.02","false","1","41.9426918444","-87.6517705068","41.9002212967","-87.6291051864"
"02c7fe25979bb475c6b4290b86b6adb95a8153c9","2022-01-01T12:00:00.000","2022-01-01T12:15:00.000","542","1.2","17031081800","17031081401","8","8","22.5","0","1.02","23.52","false","1","41.8932163595","-87.6378442095","41.8950334495","-87.6197106717"
"03151b34430008d78d51b3da3f3494b006c78e0c","2022-01-01T12:00:00.000","2022-01-01T12:00:00.000","459","1.3965","17031063301","17031070600","6","7","12.5","0","2.87","15.370000000000001","false","1","41.9345397158","-87.6430228044","41.9287630064","-87.665676837"
"032d46da22430537c6dc50dec43659f7655562b0","2022-01-01T12:00:00.000","2022-01-01T12:00:00.000","353","2.06",,,"40","38","15","0","1.02","16.02","false","1","41.7923572233","-87.6179313803","41.8129489392","-87.6178596758"
"034388c29084a0c8342efc46d6c812a16291aa4f","2022-01-01T12:00:00.000","2022-01-01T12:00:00.000","592","2.6066","17031080400","17031242100","8","24","22.5","2","2.49","26.990000000000002","false","1","41.9074128162","-87.6409015248","41.8996701799","-87.6698377982"
"000bb07b7bc41b9d3a5632c48e5ae2a8d3163df0","2022-01-01T14:00:00.000","2022-01-01T14:15:00.000","369","1.2845","17031320100","17031081100","32","8","22.5","0","2.36","24.86","false","1","41.8849871918","-87.6209929134","41.9002212967","-87.6291051864"
"000e17662c02e4a351696841c2ae67e13bf2533b","2022-01-01T14:00:00.000","2022-01-01T14:30:00.000","1090","6.98","17031830900","17031320100","22","32","20","0","1.02","21.02","false","1","41.9286190509","-87.685362024","41.8849871918","-87.6209929134"
"006bf65be9befecc994e87d821cadccdb6dc7977","2022-01-01T14:00:00.000","2022-01-01T14:15:00.000","518","1.5404","17031320400","17031081700","32","8","17.5","3","2.36","22.86","false","1","41.8774061234","-87.6219716519","41.8920421365","-87.6318639497"
"0079e13c7b09508efd63fcf9fa039097fabbd4fa","2022-01-01T14:00:00.000","2022-01-01T14:00:00.000","348","1.0087","17031062200","17031060800","6","6","17.5","0","2.36","19.86","false","1","41.9425851797","-87.6566440918","41.9534000435","-87.6460070664"
"00ac00d059d288e71ac9026e11f10c67358b6d45","2022-01-01T14:00:00.000","2022-01-01T14:00:00.000","336","1.5438","17031831000","17031842200","22","8","12.5","0","2.36","14.86","false","1","41.9160052737","-87.6750951155","41.9049353016","-87.6499072264"
"00c4bc3be41e2df093bb83614dbeb0c927e3f9d6","2022-01-01T14:00:00.000","2022-01-01T14:00:00.000","206","0.6284","17031081401","17031081300","8","8","15","2","2.36","19.36","false","1","41.8950334495","-87.6197106717","41.8983317935","-87.6207628651"
"014cd2b7c24c3982b7d860fa0879671b0234c27c","2022-01-01T14:00:00.000","2022-01-01T14:00:00.000","283","1.02","17031283800","17031842900","28","28","12.5","0","1.02","13.52","false","1","41.8634226841","-87.6537566193","41.8631181033","-87.672920435"
"01520b20660fadfa8a81bcf5cf6814471bba1b84","2022-01-01T14:00:00.000","2022-01-01T14:00:00.000","631","3.4584","17031260900","17031840700","26","30","12.5","0","2.67","15.17","false","1","41.8710123117","-87.7228130756","41.853834685","-87.6935387966"
"015cdc1624f48aab7c11580d669569ed852fc17f","2022-01-01T14:00:00.000","2022-01-01T14:15:00.000","232","0.3677","17031081500","17031081401","8","8","15","0","2.36","17.36","false","1","41.8925077809","-87.6262149064","41.8950334495","-87.6197106717"
"0160f06d4fe6ea71229f2673e52a3e7eedcf9002","2022-01-01T14:00:00.000","2022-01-01T14:00:00.000","301","0.78","17031081500","17031081700","8","8","30","6","1.02","37.02","false","1","41.8925077809","-87.6262149064","41.8920421365","-87.6318639497"
"016465bc8838502a633fab974111ef5ca9aa744a","2022-01-01T14:00:00.000","2022-01-01T14:30:00.000","1648","13.5839",,,"2","76","27.5","6","10.38","43.88","false","1","42.001571027","-87.6950125892","41.9802643146","-87.913624596"
"01f0612114687c9e9c014bf9547328315bfc10a0","2022-01-01T14:00:00.000","2022-01-01T14:15:00.000","1001","5.4","17031833100","17031063000","28","6","30","0","1.02","31.02","false","1","41.8790669938","-87.657005027","41.9363101308","-87.6515625922"
"01fcedf9eeaa67d8acdd63811374c1fb71b6e567","2022-01-01T14:00:00.000","2022-01-01T14:15:00.000","802","4.6195",,,"75",,"10","0","3.94","13.94","false","1","41.6897299145","-87.6690544032",,
"0224593a4fd4255e93dcd3f406d4f17903cbd729","2022-01-01T14:00:00.000","2022-01-01T14:00:00.000","281","1.0743","17031061500","17031070600","6","7","15","0","2.36","17.36","false","1","41.9452823311","-87.6615450961","41.9287630064","-87.665676837"
"0231091a8823eee0c7d2ac321bf14e9810ac2eac","2022-01-01T14:00:00.000","2022-01-01T14:00:00.000","282","0.6254","17031833100","17031281900","28","28","10","0","2.4","12.4","false","1","41.8790669938","-87.657005027","41.8792550844","-87.642648998"
"02475e2e585e715587c4082e1b159fcfa46bf797","2022-01-01T14:00:00.000","2022-01-01T14:15:00.000","872","2.5562","17031841100","17031320400","34","32","10","5","2.48","17.48","false","1","41.8510178239","-87.6350918563","41.8774061234","-87.6219716519"
"0252a2797cc7aee5c02a0c819e756ec682633772","2022-01-01T14:00:00.000","2022-01-01T14:15:00.000","862","4.1356","17031320100","17031071300","32","7","22.5","5","2.81","30.31","false","1","41.8849871918","-87.6209929134","41.9217783562","-87.6414597588"
"025e4bc34e85a50fd05c52d43eeef3b707b9a2ee","2022-01-01T14:00:00.000","2022-01-01T14:15:00.000","624","2.0288","17031842200","17031081401","8","8","12.5","0","2.37","14.870000000000001","false","1","41.9049353016","-87.6499072264","41.8950334495","-87.6197106717"
"02621aba931fdd440d703a0c8d348b9b2500d313","2022-01-01T14:00:00.000","2022-01-01T14:00:00.000","209","0.4928","17031081000","17031081800","8","8","12.5","0","2.36","14.86","false","1","41.9002656868","-87.6321092196","41.8932163595","-87.6378442095"
"029214e579443b7b3fba68277472efda0cd11c5a","2022-01-01T14:00:00.000","2022-01-01T14:00:00.000","543","1.8073",,,"6","6","12.5","0","2.36","14.86","false","1","41.9442266014","-87.6559981815","41.9442266014","-87.6559981815"
"029d6715e40fe93530a4c998026581ac09ec7956","2022-01-01T14:00:00.000","2022-01-01T14:15:00.000","802","4.1678","17031241500","17031081402","24","8","10","0","2.82","12.82","false","1","41.9083786693","-87.6709450752","41.8919715078","-87.6129454143"
"02bacd4c9d8b6ddf9709b4cbc343932bb8201e1a","2022-01-01T14:00:00.000","2022-01-01T14:00:00.000","420","0.9612","17031241600","17031241400","24","24","7.5","3","2.36","12.86","false","1","41.9066507664","-87.6653376596","41.906025969","-87.6753116216"
"02c9dae192d114e2b3570e4df8229b2a1f284ce7","2022-01-01T14:00:00.000","2022-01-01T14:15:00.000","506","2.4395","17031320600","17031833000","32","28","17.5","0","2.45","19.95","false","1","41.8706073724","-87.6221729369","41.8852813201","-87.6572331997"
"02da53297f34b859e2970ccefe2c4d4126985333","2022-01-01T14:00:00.000","2022-01-01T14:15:00.000","641","2.7122",,,"7","22","12.5","0","2.51","15.01","false","1","41.9226862843","-87.6494887289","41.9227606205","-87.6991553432"
"02f54b668980f5b1225fbf870546edf281038230","2022-01-01T14:00:00.000","2022-01-01T14:15:00.000","969","6.3824",,,,"74","12.5","3","3.28","18.78","false","1",,,"41.6948789661","-87.7131924966"
"0060b79854d4e7871c012675d61a8c5ba700b891","2022-01-01T16:00:00.000","2022-01-01T16:15:00.000","632","2.86","17031060900","17031030800","6","77","17.5","3","1.02","21.52","false","1","41.949829346","-87.6439653703","41.9799124453","-87.6641882421"
"006c6d8b2922006d6724786f309315a7a8bc5ded","2022-01-01T16:00:00.000","2022-01-01T16:00:00.000","279","0.97",,,"75",,"12.5","0","1.02","13.52","false","1","41.6897299145","-87.6690544032",,
"00bfc651dfbacce7feb5e58e64f84719c3678c88","2022-01-01T16:00:00.000","2022-01-01T16:00:00.000","492","2.456",,,"22","22","7.5","0","2.46","9.96","false","1","41.9227606205","-87.6991553432","41.9227606205","-87.6991553432"
"0114183d4dcfd75f3c3e81943b616d20ec007b36","2022-01-01T16:00:00.000","2022-01-01T16:15:00.000","926","3.4948","17031071200","17031833000","7","28","17.5","0","5.59","23.09","false","1","41.9218549112","-87.6462109769","41.8852813201","-87.6572331997"
"012a14d26da9cae53a08327c275967231c50130c","2022-01-01T16:00:00.000","2022-01-01T16:00:00.000","602","3.41",,,"71","67","20","0","1.02","21.02","false","1","41.7442051463","-87.6563059862","41.7759288274","-87.6665962653"
"012c62fe1632e4820a58a79c0c9772c606697ab6","2022-01-01T16:00:00.000","2022-01-01T16:00:00.000","385","1.4244","17031841100","17031839000","34","32","12.5","0","2.87","15.370000000000001","false","1","41.8510178239","-87.6350918563","41.8710158803","-87.6314065252"
"0145e952e8bffaa677e9221362f8d7e8851ab222","2022-01-01T16:00:00.000","2022-01-01T16:15:00.000","852","4.8134","17031330100","17031241500","33","24","30","0","2.95","32.95","false","1","41.859349715","-87.6173580061","41.9083786693","-87.6709450752"
"0149d8dd6d0112bf56f2e3bf075bc031224a140a","2022-01-01T16:00:00.000","2022-01-01T16:00:00.000","325","0.9684","17031320100","17031081500","32","8","12.5","0","3.89","16.39","false","1","41.8849871918","-87.6209929134","41.8925077809","-87.6262149064"
"014db3f06490bf6346b076ef767dbf291cb7f754","2022-01-01T16:00:00.000","2022-01-01T16:00:00.000","411","1.2575","17031330100","17031320400","33","32","7.5","0","2.36","9.86","false","1","41.859349715","-87.6173580061","41.8774061234","-87.6219716519"
"0173cfd33799da3d840b18d055b8b8d8e5440fb1","2022-01-01T16:00:00.000","2022-01-01T16:15:00.000","997","7.1508","17031160700","17031281900","16","28","12.5","2","4.08","18.58","false","1","41.9504044107","-87.7020071282","41.8792550844","-87.642648998"
"020ce9d2f6603a44b9eeaabe4fc17e36d4c8fe06","2022-01-01T16:00:00.000","2022-01-01T16:15:00.000","1547","17.3296","17031081600","17031806600","8",,"40","9","5.58","54.58","false","1","41.8920726347","-87.6288741572",,
"0222a607e4f8e5d67792f402dacc78b1bcd14507","2022-01-01T16:00:00.000","2022-01-01T16:00:00.000","405","1.2152","17031330100","17031320600","33","32","15","3","2.36","20.36","false","1","41.859349715","-87.6173580061","41.8706073724","-87.6221729369"
"023843e8c29f887753cdf4a6423a6816535c3da7","2022-01-01T16:00:00.000","2022-01-01T16:30:00.000","1846","4.3209","17031241600","17031241500","24","24","20","0","2.85","22.85","false","1","41.9066507664","-87.6653376596","41.9083786693","-87.6709450752"
"023a427a868e1455bfaefcefae6b833e1bc538b6","2022-01-01T16:00:00.000","2022-01-01T16:15:00.000","1185","11.0224",,,"23","9","22.5","0","4.25","26.75","false","1","41.9000696026","-87.7209182385","42.0076125931","-87.8137810343"
"024cd11fd84a9f15b0ee961bed5a843aa7cb5fae","2022-01-01T16:00:00.000","2022-01-01T16:00:00.000","329","1.4628",,,"15","15","17.5","0","2.36","19.86","false","1","41.9540276487","-87.7633990316","41.9540276487","-87.7633990316"
"0335c1d4d271c9f3ef87e369c5a2c6648954998f","2022-01-01T16:00:00.000","2022-01-01T16:15:00.000","1112","7.3087","17031320100","17031061200","32","6","27.5","0","3.48","30.98","false","1","41.8849871918","-87.6209929134","41.9490605256","-87.6616429039"
"0355b4d1106cafbb8196b66b0e0b8cc39592aadd","2022-01-01T16:00:00.000","2022-01-01T16:15:00.000","883","5.3",,,"77","6","15","0","1.02","16.02","false","1","41.9867117999","-87.6634164054","41.9442266014","-87.6559981815"
"0398c46b478736b1466c4d23264847a4b4bd957f","2022-01-01T16:00:00.000","2022-01-01T16:15:00.000","703","6.11",,,"10","76","22.5","4","6.02","32.519999999999996","false","1","41.9850151008","-87.8045320063","41.9802643146","-87.913624596"
"039fb0cab0e78f1013067f7b3ed65a659b72560a","2022-01-01T16:00:00.000","2022-01-01T16:15:00.000","764","4.24",,,"6","8","22.5","0","1.02","23.52","false","1","41.9442266014","-87.6559981815","41.899602111","-87.6333080367"
"03adc96e45895e0cd9e04e6fc83f7e7c425a5f3d","2022-01-01T16:00:00.000","2022-01-01T16:15:00.000","554","1.99","17031833000","17031081000","28","8","25","0","1.02","26.02","false","1","41.8852813201","-87.6572331997","41.9002656868","-87.6321092196"
"03ecf3e831813a4b00787eca7b0143b0f8ffc1af","2022-01-01T16:00:00.000","2022-01-01T16:15:00.000","893","3.0787","17031330100","17031081201","33","8","27.5","4","2.59","34.09","false","1","41.859349715","-87.6173580061","41.8991556134","-87.6262105324"
"041baef069f907854eb0584701b2fb7a9710f6bd","2022-01-01T16:00:00.000","2022-01-01T16:15:00.000","550","1.6364","17031081100","17031839100","8","32","10","4","2.36","16.36","false","1","41.9002212967","-87.6291051864","41.8809944707","-87.6327464887"
"046ccd251908d575c8e51f00e078605fa5cca473","2022-01-01T16:00:00.000","2022-01-01T16:00:00.000","364","0.8362","17031081201","17031081700","8","8","7.5","0","3.99","11.49","false","1","41.8991556134","-87.6262105324","41.8920421365","-87.6318639497"
"0476bf165e42623aa22a5a8a67ce8af2d1d19efb","2022-01-01T16:00:00.000","2022-01-01T16:15:00.000","637","2.9912","17031320100","17031281900","32","28","27.5","0","3.07","30.57","false","1","41.8849871918","-87.6209929134","41.8792550844","-87.642648998"
"0478f0421241e0006aa0d8b545ba52375b13bd46","2022-01-01T16:00:00.000","2022-01-01T16:30:00.000","1263","11.567",,,,"76","35","0","9.37","44.37","false","1",,,"41.9802643146","-87.913624596"
"0015c55b4a42cbdaf2b48c9baccafe49f4b0524c","2022-01-01T18:00:00.000","2022-01-01T18:15:00.000","739","5.3097",,,"6","32","10","0","3.06","13.06","false","1","41.9442266014","-87.6559981815","41.8788655841","-87.6251921424"
"0087438c5d92b7e5b07086ad001d04e9c89b0ecc","2022-01-01T18:00:00.000","2022-01-01T18:15:00.000","1159","7.67",,,"35","8","30","0","1.02","31.02","false","1","41.8351179863","-87.6186777673","41.899602111","-87.6333080367"
"008dc34b91450b4045bfbdacac9286ff308a74e2","2022-01-01T18:00:00.000","2022-01-01T18:15:00.000","742","3.6555","17031283100","17031081700","28","8","10","5","2.71","17.71","false","1","41.8692744531","-87.6640472412","41.8920421365","-87.6318639497"
"009eef304799cbfe4bbd66d4418d8446da1112c5","2022-01-01T18:00:00.000","2022-01-01T18:00:00.000","114","0.4061","17031071500","17031071500","7","7","5","0","2.83","7.83","false","1","41.9146162864","-87.6317173661","41.9146162864","-87.6317173661"
"00db795bb0009c1ed7f220d3f9213f8861dbe0a6","2022-01-01T18:00:00.000","2022-01-01T18:15:00.000","347","1.02","17031320100","17031081500","32","8","15","1","1.02","17.02","false","1","41.8849871918","-87.6209929134","41.8925077809","-87.6262149064"
"00f5dcdabb19f589cc8acb8a32648f2ef80ed605","2022-01-01T18:00:00.000","2022-01-01T18:15:00.000","694","1.7848","17031081500","17031839100","8","32","7.5","3","2.36","12.86","false","1","41.8925077809","-87.6262149064","41.8809944707","-87.6327464887"
"01285080bc16b68e9fe6f74820f2864e2fd2c28f","2022-01-01T18:00:00.000","2022-01-01T18:15:00.000","563","2.4168",,,"51","44","7.5","0","3.53","11.03","false","1","41.6906333472","-87.5700582686","41.7402057565","-87.6159695226"
"018fa4a25f3cd7150d564a04228b1200dad1d628","2022-01-01T18:00:00.000","2022-01-01T18:15:00.000","344","0.6102","17031081100","17031081300","8","8","5","0","2.64","7.640000000000001","false","1","41.9002212967","-87.6291051864","41.8983317935","-87.6207628651"
"01baa766fa6d20086d5d42a69b0e7300451365c1","2022-01-01T18:00:00.000","2022-01-01T18:00:00.000","397","1.7399",,,"56","56","7.5","1","2.36","10.86","false","1","41.7925923603","-87.7696154528","41.7925923603","-87.7696154528"
"02012016e50a0ed35731d50a05a511ae3733d451","2022-01-01T18:00:00.000","2022-01-01T19:00:00.000","3465","12.6884",,,"44","44","35","0","6.4","41.4","false","1","41.7402057565","-87.6159695226","41.7402057565","-87.6159695226"
"022d55abee0411e8c0ed453df3fa0cdc3de0d8e8","2022-01-01T18:00:00.000","2022-01-01T18:30:00.000","2015","10.9748",,,,"44","20","0","6.78","26.78","false","1",,,"41.7402057565","-87.6159695226"
"02745338abf6fcbd1b39b025d99da03225c17b5e","2022-01-01T18:00:00.000","2022-01-01T18:30:00.000","2007","15.7991",,,"16",,"22.5","0","6.76","29.259999999999998","false","1","41.9535821253","-87.7234523905",,
"0304d0d7a99da8dd57da55e8de3017b63c3c7546","2022-01-01T18:00:00.000","2022-01-01T18:30:00.000","1560","7.8471",,,,"30","15","0","5.59","20.59","false","1",,,"41.8390869059","-87.714003807"
"031811971502e6aeab4d48b48f8281ff21be18d8","2022-01-01T18:00:00.000","2022-01-01T18:00:00.000","431","2.15",,,"40","42","25","0","1.02","26.02","false","1","41.7923572233","-87.6179313803","41.7788768603","-87.5949254391"
"037a6fd7b584f273ad3f508b7c71789a32979330","2022-01-01T18:00:00.000","2022-01-01T18:30:00.000","1309","4.8736","17031061000","17031161300","6","16","12.5","1","2.96","16.46","false","1","41.9492209135","-87.6519703953","41.9426995777","-87.7310024842"
"037ec46c45215e49ad1e427fd16a5a2b18522acf","2022-01-01T18:00:00.000","2022-01-01T18:00:00.000","415","1.3098","17031833000","17031320100","28","32","12.5","5","2.87","20.37","false","1","41.8852813201","-87.6572331997","41.8849871918","-87.6209929134"
"0390646476feeb847c3d3e854032c26a72323c49","2022-01-01T18:00:00.000","2022-01-01T18:15:00.000","363","1.23","17031839000","17031839100","32","32","22.5","0","1.02","23.52","false","1","41.8710158803","-87.6314065252","41.8809944707","-87.6327464887"
"039e14b9db7220284b35dfec89c318bc003976c4","2022-01-01T18:00:00.000","2022-01-01T18:15:00.000","865","4.37","17031071400","17031320100","7","32","22.5","5","1.02","28.52","false","1","41.922082541","-87.6341560931","41.8849871918","-87.6209929134"
"03ab81bb67bf7d060048db2e274e2e14e8ac70f5","2022-01-01T18:00:00.000","2022-01-01T18:30:00.000","1582","8.4358","17031661000","17031837400","66","27","17.5","0","3.86","21.36","false","1","41.7611057444","-87.6855896618","41.8759663","-87.6937939017"
"03f0f340a70e8bd7720f2cca2317448f95c5e490","2022-01-01T18:00:00.000","2022-01-01T18:00:00.000","781","7.1879",,,"77","8","15","3","3.75","21.75","false","1","41.9867117999","-87.6634164054","41.899602111","-87.6333080367"
"043c3f428b468026f9c86831151b81b6643f2868","2022-01-01T18:00:00.000","2022-01-01T18:00:00.000","229","0.95",,,"75","74","15","3","1.02","19.02","false","1","41.6897299145","-87.6690544032","41.6948789661","-87.7131924966"
"044f7f42a1912df78cab7865bf14463237bfda7c","2022-01-01T18:00:00.000","2022-01-01T18:00:00.000","676","2.3927",,,"7","6","7.5","0","2.44","9.94","false","1","41.9226862843","-87.6494887289","41.9442266014","-87.6559981815"
"045cf93dacee4230f1c847fe6a7d3d478cc759e3","2022-01-01T18:00:00.000","2022-01-01T18:15:00.000","349","0.85","17031061500","17031061000","6","6","20","4","1.02","25.02","false","1","41.9452823311","-87.6615450961","41.9492209135","-87.6519703953"
"04a945780caaa46e60995c187c19feefb87a79a7","2022-01-01T18:00:00.000","2022-01-01T18:00:00.000","331","0.9919","17031081403","17031081700","8","8","5","3","2.36","10.36","false","1","41.8909220259","-87.6188683546","41.8920421365","-87.6318639497"
"04ad18e253f3fbd3d021f45f0cbd429ec8d35473","2022-01-01T18:00:00.000","2022-01-01T18:15:00.000","476","1.06","17031841900","17031330100","28","33","15","0","1.02","16.02","false","1","41.8679024175","-87.6429586652","41.859349715","-87.6173580061"
"001e83aa74a5c14d9393540946890e3e979249dc","2022-01-01T20:00:00.000","2022-01-01T20:15:00.000","473","2.93",,,"19",,"22.5","0","1.02","23.52","false","1","41.9272609555","-87.7655016086",,
"0020be3d3d7a29ed9dbb5ef633818337d366cb1f","2022-01-01T20:00:00.000","2022-01-01T20:30:00.000","1531","5.77","17031081403","17031330100","8","33","30","5","6.02","41.019999999999996","false","1","41.8909220259","-87.6188683546","41.859349715","-87.6173580061"
"0099fd71f255ff21870809bedbc80e1eee417674","2022-01-01T20:00:00.000","2022-01-01T20:30:00.000","1850","19.5607","17031839100","17031980000","32","76","55","0","11.61","66.61","false","1","41.8809944707","-87.6327464887","41.9790708201","-87.9030396611"
"00c187e8b803b194bf481a56748de9ccb098a454","2022-01-01T20:00:00.000","2022-01-01T20:30:00.000","1099","7.44",,,"6","12","15","5","1.02","21.02","false","1","41.9442266014","-87.6559981815","41.9939301285","-87.7583535876"
"00def3acaf80749f72efb882c603703a756f1806","2022-01-01T20:00:00.000","2022-01-01T20:15:00.000","869","3.61","17031240300","17031060400","24","6","17.5","0","1.02","18.52","false","1","41.9123643542","-87.6750627566","41.9506733576","-87.6665362813"
"00e8a079723ffc3cbde765332706fc50561f783a","2022-01-01T20:00:00.000","2022-01-01T20:15:00.000","1009","6.314",,,"28","5","37.5","10","3.27","50.77","false","1","41.874005383","-87.6635175498","41.9477915865","-87.6838349425"
"0114d32b9717e2a2beb1531c5b83b7b0be0f536e","2022-01-01T20:00:00.000","2022-01-01T20:00:00.000","372","1.41",,,"41","41","15","0","1.02","16.02","false","1","41.794090253","-87.592310855","41.794090253","-87.592310855"
"0115ee1f99f73fbb42609de51eb62d91d05a73ba","2022-01-01T20:00:00.000","2022-01-01T20:00:00.000","513","3.1194","17031980000","17031770700","76",,"7.5","0","7.6","15.1","false","1","41.9790708201","-87.9030396611","41.9827750091","-87.8773053996"
"0116230a3ed9aa2f6824f4f37829ea8d4e7e57c1","2022-01-01T20:00:00.000","2022-01-01T20:15:00.000","984","6.0886","17031832000","17031280100","6","28","30","0","3.47","33.47","false","1","41.9462945357","-87.6542980837","41.8853000224","-87.6428084655"
"012894d5b531a06ba509a142e57ad5f992fe33af","2022-01-01T20:00:00.000","2022-01-01T20:00:00.000","581","1.9","17031080100","17031081800","8","8","12.5","0","1.02","13.52","false","1","41.9075200747","-87.6266589003","41.8932163595","-87.6378442095"
"01780e0d9e21ef62c94c44355cf18058c69d8c61","2022-01-01T20:00:00.000","2022-01-01T20:00:00.000","561","3.07","17031830900","17031160300","22","16","15","0","1.02","16.02","false","1","41.9286190509","-87.685362024","41.9572641084","-87.7308987849"
"019c5068a4f9980969ef2188c688321875973652","2022-01-01T20:00:00.000","2022-01-01T20:00:00.000","685","4.6913","17031081401","17031062800","8","6","22.5","0","2.92","25.42","false","1","41.8950334495","-87.6197106717","41.936159071","-87.6612652184"
"01e6f07d2a3de1182bc448169de10c6e24df40e5","2022-01-01T20:00:00.000","2022-01-01T20:00:00.000","368","1.0738","17031842300","17031280100","24","28","7.5","0","2.36","9.86","false","1","41.8983058696","-87.6536139825","41.8853000224","-87.6428084655"
"021192cf10cf2e7dda18adb0f9378daa1ce97ebc","2022-01-01T20:00:00.000","2022-01-01T20:15:00.000","569","3.1453",,,"6","8","17.5","3","2.6","23.1","false","1","41.9442266014","-87.6559981815","41.899602111","-87.6333080367"
"0229da905759933830133252d8dd34dd2d2c3078","2022-01-01T20:00:00.000","2022-01-01T20:15:00.000","1482","5.9858",,,"4","6","17.5","0","4.51","22.009999999999998","false","1","41.9751709433","-87.6875155152","41.9442266014","-87.6559981815"
"026e2084b42589b88336847051570caf311b961d","2022-01-01T20:00:00.000","2022-01-01T20:15:00.000","364","1.1289","17031062100","17031070300","6","7","5","0","2.36","7.359999999999999","false","1","41.9426918444","-87.6517705068","41.9290469366","-87.6513108767"
"0293bd3d0e94b30b7fb9437ae5423f7cd8cd88d2","2022-01-01T20:00:00.000","2022-01-01T20:15:00.000","1286","14.8441","17031980000","17031071600","76","7","22.5","0","10.06","32.56","false","1","41.9790708201","-87.9030396611","41.9164733164","-87.6411836567"
"02b7c72737ab5395fea08fe07e16d2cc0be6083e","2022-01-01T20:00:00.000","2022-01-01T20:15:00.000","736","3.2332","17031020100","17031130300","2","13","10","0","2.62","12.620000000000001","false","1","42.0157199072","-87.6871159899","41.9865581808","-87.7133688039"
"02b820e1ded7ac9626af56c851106317f7710bd8","2022-01-01T20:00:00.000","2022-01-01T20:00:00.000","420","1.6611","17031839100","17031081700","32","8","15","0","2.36","17.36","false","1","41.8809944707","-87.6327464887","41.8920421365","-87.6318639497"
"02c08aff2fdeb78e3f6cde77f6b82d0d1b723cf4","2022-01-01T20:00:00.000","2022-01-01T20:00:00.000","432","1.287","17031081201","17031080300","8","8","12.5","1","2.87","16.37","false","1","41.8991556134","-87.6262105324","41.9074919303","-87.6357600901"
"02e282ba7cc96e82283a4ac21eb5cc20ced050c2","2022-01-01T20:00:00.000","2022-01-01T20:15:00.000","730","3.8754",,,"43","44","12.5","0","2.75","15.25","false","1","41.7615779081","-87.5727819867","41.7402057565","-87.6159695226"
"033470095d925a8897facca543dca00c69049f4b","2022-01-01T20:00:00.000","2022-01-01T20:15:00.000","1344","6.5123",,,"42","71","17.5","2","3.31","22.81","false","1","41.7788768603","-87.5949254391","41.7442051463","-87.6563059862"
"03b50f5dd59358b9ac44196f3b5ad0f678e2a236","2022-01-01T20:00:00.000","2022-01-01T20:15:00.000","592","2.8707","17031832600","17031081800","7","8","15","0","2.54","17.54","false","1","41.9147473049","-87.6540070286","41.8932163595","-87.6378442095"
"03bc71ea67763a4237b69173148157c160229bbb","2022-01-01T20:00:00.000","2022-01-01T20:00:00.000","403","2.58","17031070101","17031081300","7","8","20","0","1.02","21.02","false","1","41.9292629902","-87.6358909539","41.8983317935","-87.6207628651"
"03cb4309dba39d19e48652fe6811e62bf8f6d5ed","2022-01-01T20:00:00.000","2022-01-01T20:00:00.000","251","0.5334","17031081700","17031081500","8","8","15","0","2.4","17.4","false","1","41.8920421365","-87.6318639497","41.8925077809","-87.6262149064"
"00075c29393b6cc6ad23ff4ea55b273c357d6dfd","2022-01-01T22:00:00.000","2022-01-01T22:30:00.000","1624","12.3661","17031980000","17031812301","76",,"60","0","10.11","70.11","false","1","41.9790708201","-87.9030396611",,
"001b4fa745431e7f3d3ba6b3587103d405e491f0","2022-01-01T22:00:00.000","2022-01-01T22:00:00.000","406","0.97","17031081800","17031833000","8","28","17.5","4","0","21.5","false","1","41.8932163595","-87.6378442095","41.8852813201","-87.6572331997"
"004aa7200b06e0f3c8c9e6e32b77ba33b0bb4016","2022-01-01T22:00:00.000","2022-01-01T22:00:00.000","571","2.099","17031071200","17031061000","7","6","12.5","0","2.38","14.879999999999999","false","1","41.9218549112","-87.6462109769","41.9492209135","-87.6519703953"
"00e1d43b93f8818b17cb786dbc39a36b482eb58b","2022-01-01T22:00:00.000","2022-01-01T22:45:00.000","2314","24.4","17031980000",,"76",,"82.5","0","13.01","95.51","false","1","41.9790708201","-87.9030396611",,
"012cbd33f238b499d7437752e42e61800a3a2b21","2022-01-01T22:00:00.000","2022-01-01T22:00:00.000","489","2.35",,,"6","5","15","4","1.02","20.02","false","1","41.9442266014","-87.6559981815","41.9477915865","-87.6838349425"
"01468eaa263319c41f1b9c530f61a28ffe4adb6a","2022-01-01T22:00:00.000","2022-01-01T22:15:00.000","564","2.3195","17031832300","17031080300","22","8","22.5","0","2.43","24.93","false","1","41.9192250505","-87.671445766","41.9074919303","-87.6357600901"
"016cbc5d1da0677d3c46072304aee27c04327280","2022-01-01T22:00:00.000","2022-01-01T22:15:00.000","659","3.86","17031071100","17031221300","7","22","15","0","1.02","16.02","false","1","41.9217781876","-87.6510618838","41.9211259143","-87.6997544065"
"018343c87cfb5e3a14e6cff57c383067b0bb7a85","2022-01-01T22:00:00.000","2022-01-01T22:00:00.000","436","1.69",,,"27","29","15","0","1.02","16.02","false","1","41.8789144956","-87.7058971305","41.8601900192","-87.7172201"
"01b778672597511de2831c054801ab5d0debf6d0","2022-01-01T22:00:00.000","2022-01-01T22:15:00.000","318","0.82",,,"77","1","15","0","1.02","16.02","false","1","41.9867117999","-87.6634164054","42.0096228806","-87.6701668569"
"01c6131206696e9931b7883cc930a9698f2332df","2022-01-01T22:00:00.000","2022-01-01T22:00:00.000","574","2.5862","17031081201","17031281900","8","28","12.5","0","2.48","14.98","false","1","41.8991556134","-87.6262105324","41.8792550844","-87.642648998"
"02735fabb5117c23aaf11b8c4e049e6c0d08f612","2022-01-01T22:00:00.000","2022-01-01T22:30:00.000","2269","19.4247",,,"3","66","27.5","3","17.85","48.35","false","1","41.96581197","-87.6558787862","41.7718485152","-87.695666342"
"02925cd137c2149d5fa69c480a9db918283a0296","2022-01-01T22:00:00.000","2022-01-01T22:15:00.000","1213","5.1156",,,"20","6","15","0","3.31","18.31","false","1","41.9243470769","-87.7347397536","41.9442266014","-87.6559981815"
"029a95c44e07fedc1681312017d09fb7334474d5","2022-01-01T22:00:00.000","2022-01-01T22:15:00.000","1085","4.84","17031320600","17031842200","32","8","30","0","1.02","31.02","false","1","41.8706073724","-87.6221729369","41.9049353016","-87.6499072264"
"02c4eebc2542d66b4cd50af3bd3bd169f8920e0e","2022-01-01T22:00:00.000","2022-01-01T22:15:00.000","759","3.417","17031320100","17031242100","32","24","22.5","0","2.66","25.16","false","1","41.8849871918","-87.6209929134","41.8996701799","-87.6698377982"
"035ce757f9a8d2fdeb6567660c64734210d3adcb","2022-01-01T22:00:00.000","2022-01-01T22:15:00.000","1101","7.7",,,"6",,"17.5","0","4.01","21.509999999999998","false","1","41.9442266014","-87.6559981815",,
"0399bf5e8d8f6d9684a6c159a7bfbcda63e296b1","2022-01-01T22:00:00.000","2022-01-01T22:15:00.000","650","1.9068","17031842300","17031320600","24","32","15","0","2.36","17.36","false","1","41.8983058696","-87.6536139825","41.8706073724","-87.6221729369"
"03fdc9c63104db1a39e3611f25bf2747cd69d906","2022-01-01T22:00:00.000","2022-01-01T22:15:00.000","758","4.8965","17031839100","17031837100","32","27","20","0","3.26","23.259999999999998","false","1","41.8809944707","-87.6327464887","41.885621155","-87.6988915914"
"040ef80924e8ae8f4ec01cb42356761d79b84740","2022-01-01T22:00:00.000","2022-01-01T22:30:00.000","1837","6.8655","17031830800","17031833100","4","28","17.5","0","3.38","20.88","false","1","41.9651417087","-87.6765780714","41.8790669938","-87.657005027"
"04575f024ae4f3ed0e1d643eeabc7995d5b9e3de","2022-01-01T22:00:00.000","2022-01-01T22:15:00.000","1081","4.3397",,,"14","15","12.5","0","2.85","15.35","false","1","41.968069","-87.7215590627","41.9540276487","-87.7633990316"
"04b3359a36305892677ebcef1dd74ce17d450542","2022-01-01T22:00:00.000","2022-01-01T22:15:00.000","1324","7.216",,,"43","53","17.5","0","3.9","21.4","false","1","41.7615779081","-87.5727819867","41.6738199043","-87.6357397768"
"04b63c20f6767a5bb48dc5866bb6eab4101a994f","2022-01-01T22:00:00.000","2022-01-01T22:15:00.000","666","2.0049","17031833000","17031838100","28","28","20","0","2.87","22.87","false","1","41.8852813201","-87.6572331997","41.8786674201","-87.6716536214"
"04ef106636128a01a3a93f69e9d07f641dc5f9ff","2022-01-01T22:00:00.000","2022-01-01T22:15:00.000","767","4.6889",,,"23","25","32.5","0","2.92","35.42","false","1","41.9000696026","-87.7209182385","41.8906088526","-87.7560467111"
"052fcd028ddc59718129f8b15f91c9e2c8822f60","2022-01-01T22:00:00.000","2022-01-01T22:45:00.000","2477","27.19",,"17031062800",,"6","85","0","1.89","86.89","false","1",,,"41.936159071","-87.6612652184"
"055ec360ebdc21b07059540eb086ff366da61126","2022-01-01T22:00:00.000","2022-01-01T22:00:00.000","462","2.1231","17031080300","17031070200","8","7","15","0","2.39","17.39","false","1","41.9074919303","-87.6357600901","41.9290776551","-87.6462934762"
"05666dba3029500646f0967fd51b7dc24a20d6ba","2022-01-01T22:00:00.000","2022-01-01T22:00:00.000","719","3.44","17031081403","17031241600","8","24","25","0","3.25","28.25","false","1","41.8909220259","-87.6188683546","41.9066507664","-87.6653376596"
