project_slug,title,status,notes
casuallab,Causal Marketplace Lab,RIGHTS_UNKNOWN,Requires explicit rights review before publishing raw datasets/reports
macroeconomics,Real-Time Macro Nowcasting and Policy Shock Engine,RIGHTS_UNKNOWN,Requires explicit rights review before publishing raw datasets/reports
realestate,Mortgage Rate Lock-In and Housing Market Dynamics,APPROVED_WITH_EXCLUSIONS,Publish tracked source and aggregate reports only; exclude registered Freddie Mac records and loan-granular derivatives
microstructure,Order Flow to Price Impact,RIGHTS_UNKNOWN,Requires explicit rights review before publishing raw datasets/reports
microstructure-cleanroom-3f0f278,Order Flow to Price Impact,RIGHTS_UNKNOWN,Requires explicit rights review before publishing raw datasets/reports
microstructure-m8-l2-2026-08-10-13,Order Flow to Price Impact,RIGHTS_UNKNOWN,Requires explicit rights review before publishing raw datasets/reports
microstructure-m8-l2-frozen,Order Flow to Price Impact,RIGHTS_UNKNOWN,Requires explicit rights review before publishing raw datasets/reports
microstructure-m8-trade-verifier-88060613,Order Flow to Price Impact,RIGHTS_UNKNOWN,Requires explicit rights review before publishing raw datasets/reports
secpolicy,Corporate Disclosures as a Real-Time Economic Sensor,RIGHTS_UNKNOWN,Requires explicit rights review before publishing raw datasets/reports
